t,lon,lat,spread_km
1999-12-29 00:00:00,4.210133794617566,55.550449623802436,18.640993180251225
1999-12-29 00:15:00,4.213369134041659,55.55015672636381,18.582713364636458
1999-12-29 00:30:00,4.216501761896216,55.54982723541858,18.519000661630443
1999-12-29 00:45:00,4.2195482674345115,55.54952758995081,18.452877532941407
1999-12-29 01:00:00,4.222661292366994,55.54927830200002,18.394129625063044
1999-12-29 01:15:00,4.226096685089082,55.549012049508114,18.32585159378524
1999-12-29 01:30:00,4.229299089191937,55.54870121505509,18.260239471956545
1999-12-29 01:45:00,4.2324373825236545,55.54837965991173,18.194669198905522
1999-12-29 02:00:00,4.235660244693032,55.5480815926137,18.135146291908892
1999-12-29 02:15:00,4.238931659100476,55.547894490346394,18.06588223311762
1999-12-29 02:30:00,4.242007829875459,55.547633392150324,17.994916866772154
1999-12-29 02:45:00,4.245193061894533,55.54740977228071,17.927948925110883
1999-12-29 03:00:00,4.248347031796625,55.54713272008303,17.866998648984048
1999-12-29 03:15:00,4.25170690305522,55.54680511693327,17.80642515098144
1999-12-29 03:30:00,4.254856749581261,55.54658167560189,17.750731216834712
1999-12-29 03:45:00,4.258054143464668,55.546281879182594,17.689777327893147
1999-12-29 04:00:00,4.2612066460582705,55.54606991971513,17.62629207567683
1999-12-29 04:15:00,4.2643595160798045,55.54572157280253,17.558248725066928
1999-12-29 04:30:00,4.267550595667678,55.545499602734964,17.50334090939806
1999-12-29 04:45:00,4.270736637199117,55.54517144626701,17.44401523000539
1999-12-29 05:00:00,4.273897038608355,55.54494373393255,17.373244838224206
1999-12-29 05:15:00,4.277008476461342,55.544706914407335,17.30969545198966
1999-12-29 05:30:00,4.280220989707772,55.54438934741966,17.25950834960009
1999-12-29 05:45:00,4.28344027069728,55.544069517531945,17.194324365558682
1999-12-29 06:00:00,4.286475212320678,55.543789573226874,17.12855182086075
1999-12-29 06:15:00,4.289748373098485,55.54351280509185,17.063207891595045
1999-12-29 06:30:00,4.292744807901854,55.54316972281989,17.003654110249222
1999-12-29 06:45:00,4.295897483204062,55.5429172238903,16.947678374603633
1999-12-29 07:00:00,4.299251258639001,55.54262394739778,16.875515724825483
1999-12-29 07:15:00,4.302614754936328,55.542346081407025,16.804917400530872
1999-12-29 07:30:00,4.3057198813911794,55.542090120343325,16.7439059115789
1999-12-29 07:45:00,4.308925756793143,55.541792950724215,16.6876166139944
1999-12-29 08:00:00,4.3120648540496544,55.54153077859524,16.630157794265774
1999-12-29 08:15:00,4.315209752461,55.541201812557496,16.57033632457014
1999-12-29 08:30:00,4.31844011740804,55.54095582203707,16.50685744817566
1999-12-29 08:45:00,4.321663596318431,55.54066858788152,16.44228642163346
1999-12-29 09:00:00,4.324765412084354,55.54041836177661,16.37845942932528
1999-12-29 09:15:00,4.327777012504594,55.54020930393839,16.31450767864875
1999-12-29 09:30:00,4.331117511343618,55.53996375039506,16.259752406768843
1999-12-29 09:45:00,4.334231458665951,55.539661062210094,16.198085100435694
1999-12-29 10:00:00,4.337368041177942,55.53935716393571,16.128486306630084
1999-12-29 10:15:00,4.340721613343292,55.53909827699418,16.06953654410994
1999-12-29 10:30:00,4.344044853670492,55.53883336435966,16.011296458925074
1999-12-29 10:45:00,4.347217330801645,55.53855191416721,15.95186536910065
1999-12-29 11:00:00,4.350395091428358,55.53829004307062,15.889337026013706
1999-12-29 11:15:00,4.3534829972352975,55.53792547153624,15.827216872209403
1999-12-29 11:30:00,4.3566306501712155,55.53765259430336,15.765249560472785
1999-12-29 11:45:00,4.359740678590254,55.53735987247335,15.706366091590878
1999-12-29 12:00:00,4.3630424066467945,55.53707066369774,15.642646952945265
1999-12-29 12:15:00,4.366089005057854,55.53681117518862,15.585090366784593
1999-12-29 12:30:00,4.369422484382033,55.53654639738301,15.520469997567586
1999-12-29 12:45:00,4.372681009064977,55.5363164654048,15.45764027541155
1999-12-29 13:00:00,4.375925636730322,55.53612859806703,15.39332866749199
1999-12-29 13:15:00,4.379008257453685,55.53586489085456,15.333794595761832
1999-12-29 13:30:00,4.3820899784268965,55.53559967213916,15.275417768374446
1999-12-29 13:45:00,4.385224142845573,55.535165685385216,15.211988207136113
1999-12-29 14:00:00,4.388628073921801,55.534962634313295,15.144459680728119
1999-12-29 14:15:00,4.391988287176014,55.53468818607493,15.090275849735296
1999-12-29 14:30:00,4.395185650279456,55.534307582269804,15.02817574293507
1999-12-29 14:45:00,4.398412803159443,55.53401507263747,14.97874873644452
1999-12-29 15:00:00,4.401500180630403,55.53376826738996,14.921139090481663
1999-12-29 15:15:00,4.4048343253153,55.5334227649705,14.852257508342529
1999-12-29 15:30:00,4.4080830552025585,55.53307824363727,14.792654149500889
1999-12-29 15:45:00,4.411284984891701,55.53287540546873,14.731472193007125
1999-12-29 16:00:00,4.4145334168377435,55.53256454778213,14.675314975139976
1999-12-29 16:15:00,4.417713766528221,55.532254031403546,14.609911622403613
1999-12-29 16:30:00,4.42112023660209,55.53193057295858,14.546694463293665
1999-12-29 16:45:00,4.4243326266833884,55.531707109228435,14.481663753327657
1999-12-29 17:00:00,4.427621757434443,55.531467982071455,14.41877527326201
1999-12-29 17:15:00,4.430789337247138,55.53121378797475,14.358052408035894
1999-12-29 17:30:00,4.43386329777472,55.53092724992542,14.299082973094148
1999-12-29 17:45:00,4.437186471042475,55.5306274525402,14.237456536062808
1999-12-29 18:00:00,4.440230476273297,55.53028845849752,14.180584523747132
1999-12-29 18:15:00,4.4433726594404295,55.53000201874782,14.123079330679273
1999-12-29 18:30:00,4.4465178732118815,55.52970779198455,14.067385605679773
1999-12-29 18:45:00,4.44961262667336,55.52945692875357,14.017199317973915
1999-12-29 19:00:00,4.452741662274259,55.52919563084465,13.955166406052532
1999-12-29 19:15:00,4.455819577675861,55.52894037469957,13.891193173834164
1999-12-29 19:30:00,4.458959198627653,55.52866209939554,13.819602318400738
1999-12-29 19:45:00,4.462246781603477,55.52833222061242,13.758251987677276
1999-12-29 20:00:00,4.465574364482077,55.52799332253904,13.698088823763625
1999-12-29 20:15:00,4.468797932258408,55.52771730184975,13.65046352049546
1999-12-29 20:30:00,4.472001259524571,55.52748462805942,13.595234754432527
1999-12-29 20:45:00,4.475187502047934,55.527207062131126,13.543851767429762
1999-12-29 21:00:00,4.478243547482769,55.52705792863308,13.48807820931728
1999-12-29 21:15:00,4.481513258950615,55.52676606181378,13.435379656251214
1999-12-29 21:30:00,4.484653254354035,55.52661477813517,13.380570169032673
1999-12-29 21:45:00,4.487862819966332,55.52634044371154,13.319992852739723
1999-12-29 22:00:00,4.491058466121442,55.52605882552004,13.264825389310019
1999-12-29 22:15:00,4.494233073979876,55.525823019894304,13.208455960437009
1999-12-29 22:30:00,4.497390771501549,55.525531909410624,13.141894837192645
1999-12-29 22:45:00,4.500473131435421,55.525235349785845,13.091635289945007
1999-12-29 23:00:00,4.50364165907565,55.52497142879272,13.029165562603868
1999-12-29 23:15:00,4.506848342541085,55.524729886960934,12.973543865836206
1999-12-29 23:30:00,4.510098938432219,55.524457947427024,12.916660230773006
1999-12-29 23:45:00,4.5132668096760655,55.52419747771915,12.85639917765869
1999-12-30 00:00:00,4.51650791538869,55.52395702436525,12.799249308851142
1999-12-30 00:15:00,4.519631799088311,55.523638374590156,12.74374319972135
1999-12-30 00:30:00,4.522936760928429,55.52325530907334,12.670786770133253
1999-12-30 00:45:00,4.526134999747622,55.52295755816289,12.608236485858642
1999-12-30 01:00:00,4.529334828866471,55.522691363298826,12.549242170221543
1999-12-30 01:15:00,4.532619622386042,55.522378576209924,12.481643389926102
1999-12-30 01:30:00,4.5359411563559275,55.52212215460684,12.422093110169397
1999-12-30 01:45:00,4.539002741642842,55.52181154613922,12.361831629994962
1999-12-30 02:00:00,4.5421409686426975,55.5215936670027,12.305842465974544
1999-12-30 02:15:00,4.545405499358335,55.521271079522336,12.243114041163519
1999-12-30 02:30:00,4.548584382542371,55.52095723585662,12.185868471277724
1999-12-30 02:45:00,4.551886397337819,55.52068375787067,12.123303249176121
1999-12-30 03:00:00,4.55489849632942,55.52040767945182,12.06029270178386
1999-12-30 03:15:00,4.558068506939835,55.52018411158977,12.00402356833478
1999-12-30 03:30:00,4.561227556711448,55.519804697493065,11.94764291487359
1999-12-30 03:45:00,4.564481284208,55.51957765959121,11.890605501244854
1999-12-30 04:00:00,4.567753651016881,55.51927846626881,11.829032710349214
1999-12-30 04:15:00,4.570996717287999,55.518964728336144,11.775154928509755
1999-12-30 04:30:00,4.5742303689527395,55.518726681458865,11.708429225407018
1999-12-30 04:45:00,4.57741485873487,55.518453077215575,11.653735846233356
1999-12-30 05:00:00,4.580585596480562,55.51832528892363,11.604258546123015
1999-12-30 05:15:00,4.583657853496714,55.518025732465574,11.549233348429071
1999-12-30 05:30:00,4.5868689255664234,55.51769477628036,11.489461230318874
1999-12-30 05:45:00,4.590226565802598,55.517520297667616,11.43789804996536
1999-12-30 06:00:00,4.593344988963663,55.51720774638243,11.381023684995723
1999-12-30 06:15:00,4.596454350060567,55.516940805985286,11.331546148875917
1999-12-30 06:30:00,4.599717639881419,55.516632342742206,11.284012872998536
1999-12-30 06:45:00,4.603045928047348,55.51632385335414,11.22423926265553
1999-12-30 07:00:00,4.605998664023474,55.5160485688019,11.171632205733241
1999-12-30 07:15:00,4.609148416296037,55.51580999846559,11.115020350340624
1999-12-30 07:30:00,4.6122400625299145,55.51572116817964,11.062658540383328
1999-12-30 07:45:00,4.61526606213861,55.51543490476112,10.995367249061292
1999-12-30 08:00:00,4.618394412158447,55.51513556455127,10.944436899353493
1999-12-30 08:15:00,4.621430620456086,55.51476559280144,10.888404768874821
1999-12-30 08:30:00,4.624466313189532,55.51449271565741,10.822030537513063
1999-12-30 08:45:00,4.627549106779319,55.51419188161871,10.761240879563697
1999-12-30 09:00:00,4.630635967892086,55.51397818996583,10.709429958544735
1999-12-30 09:15:00,4.633759785182023,55.513662947318736,10.653102888456942
1999-12-30 09:30:00,4.636993344755447,55.51344801134197,10.594308578889114
1999-12-30 09:45:00,4.640268640486963,55.51317084067339,10.545955150659955
1999-12-30 10:00:00,4.643384002279481,55.51290576934123,10.493024102168626
1999-12-30 10:15:00,4.646357273039406,55.51267265010981,10.433959559212513
1999-12-30 10:30:00,4.6497003092231886,55.512354782117015,10.388552484686459
1999-12-30 10:45:00,4.652872058382419,55.51213382197477,10.332417554975006
1999-12-30 11:00:00,4.656052772827824,55.511887789543735,10.272968956556685
1999-12-30 11:15:00,4.659220791528881,55.511645745201534,10.20617431370733
1999-12-30 11:30:00,4.662614063195745,55.51133123302158,10.152791596053744
1999-12-30 11:45:00,4.665865864601542,55.511058745211386,10.105960891582138
1999-12-30 12:00:00,4.669163251920248,55.51082739554719,10.059971411797937
1999-12-30 12:15:00,4.672356240487621,55.51044575496841,10.015394242438699
1999-12-30 12:30:00,4.675625172821712,55.51020574086752,9.967263293016472
1999-12-30 12:45:00,4.678816205445727,55.50990945449601,9.909023447921273
1999-12-30 13:00:00,4.6819704666086075,55.509612824155965,9.857904260833692
1999-12-30 13:15:00,4.685041304404965,55.50929170197637,9.798560033089336
1999-12-30 13:30:00,4.68818990936586,55.50899222026752,9.750795114613965
1999-12-30 13:45:00,4.691457749959613,55.50875637662835,9.715083903637026
1999-12-30 14:00:00,4.694545109464697,55.50842422454725,9.661386173276417
1999-12-30 14:15:00,4.697767494282522,55.50819280769351,9.602581599970675
1999-12-30 14:30:00,4.700961176915542,55.50794463809433,9.556373152989687
1999-12-30 14:45:00,4.7041842120659885,55.507648013808456,9.49730074883406
1999-12-30 15:00:00,4.7074961926781045,55.507418875125516,9.442671070362127
1999-12-30 15:15:00,4.71080387008982,55.507144141983105,9.39295329862438
1999-12-30 15:30:00,4.713961448009308,55.506878098349276,9.336165241677174
1999-12-30 15:45:00,4.717079783932725,55.50658231635625,9.283835236346617
1999-12-30 16:00:00,4.720227319478156,55.50627759907841,9.229564550492643
1999-12-30 16:15:00,4.723453886836238,55.506008712467,9.182504878570072
1999-12-30 16:30:00,4.726599658193668,55.50570194724516,9.134792699853495
1999-12-30 16:45:00,4.729664802396763,55.50532954348906,9.084003385130838
1999-12-30 17:00:00,4.732934732128313,55.50512104719484,9.035713392989786
1999-12-30 17:15:00,4.736025283460206,55.50486268979005,8.990784833285964
1999-12-30 17:30:00,4.739320582915945,55.504615741574455,8.94290548963719
1999-12-30 17:45:00,4.742522068335044,55.50432912552003,8.892441930904686
1999-12-30 18:00:00,4.745790384311526,55.5040174784031,8.844517393879968
1999-12-30 18:15:00,4.748933289489026,55.50373096983082,8.801037924481722
1999-12-30 18:30:00,4.75216791671121,55.503485207363994,8.762407386498088
1999-12-30 18:45:00,4.755302574901387,55.50316357045107,8.716834293862773
1999-12-30 19:00:00,4.758487691390596,55.502850050018736,8.664769758965553
1999-12-30 19:15:00,4.761554041637902,55.50262208851864,8.616438689103338
1999-12-30 19:30:00,4.76468749807784,55.50231770031455,8.574815126215405
1999-12-30 19:45:00,4.767884566985366,55.50203545301854,8.534588115679078
1999-12-30 20:00:00,4.771040084694415,55.501768941877486,8.487706180419522
1999-12-30 20:15:00,4.774118141772142,55.50153563175783,8.440546975165208
1999-12-30 20:30:00,4.777232836695724,55.50134227973443,8.406049363600754
1999-12-30 20:45:00,4.7803357805559195,55.501112563766924,8.37117173780999
1999-12-30 21:00:00,4.783489133819329,55.50077339075708,8.33273746261255
1999-12-30 21:15:00,4.786626488598576,55.500497440579466,8.286068565957375
1999-12-30 21:30:00,4.789807525863324,55.50022835039924,8.245626632331067
1999-12-30 21:45:00,4.7931309181867,55.49990741124253,8.196822769250057
1999-12-30 22:00:00,4.796403896635314,55.499651389862045,8.13954427079188
1999-12-30 22:15:00,4.799530745348385,55.499401021527106,8.098703717201671
1999-12-30 22:30:00,4.802814684013257,55.499145753173835,8.064523580260596
1999-12-30 22:45:00,4.805980532543192,55.49889610765509,8.024770780364882
1999-12-30 23:00:00,4.809145143598164,55.49865988979354,7.994527662659655
1999-12-30 23:15:00,4.812412065439525,55.498373629908095,7.953176826629348
1999-12-30 23:30:00,4.815534584380369,55.498176243506485,7.91117212166616
1999-12-30 23:45:00,4.818684467366565,55.497866087129076,7.874846326126611
1999-12-31 00:00:00,4.8218915531773945,55.49764101498557,7.8336946334336615
1999-12-31 00:15:00,4.825067909836355,55.497327940569924,7.788111462024579
1999-12-31 00:30:00,4.828185578356732,55.49698407670815,7.753680355595073
1999-12-31 00:45:00,4.83135757229963,55.49672977720533,7.721153983129769
1999-12-31 01:00:00,4.834663458941146,55.49640772825056,7.6884422731254825
1999-12-31 01:15:00,4.837893531836562,55.49613938528989,7.651354729780487
1999-12-31 01:30:00,4.841050802990365,55.49579648189462,7.613746307417796
1999-12-31 01:45:00,4.844212994850198,55.49555948022279,7.575113537399114
1999-12-31 02:00:00,4.847296804548963,55.495243007877455,7.527916608600009
1999-12-31 02:15:00,4.8505920563673035,55.49506162042014,7.492777553977749
1999-12-31 02:30:00,4.853894669112289,55.49477549585235,7.463132201443101
1999-12-31 02:45:00,4.857252779733299,55.49447227480113,7.424285156254008
1999-12-31 03:00:00,4.860412365249105,55.49415943275372,7.390019456020331
1999-12-31 03:15:00,4.863723232266017,55.49387331493758,7.349619347410107
1999-12-31 03:30:00,4.866922840346281,55.49350658826753,7.3138811646510264
1999-12-31 03:45:00,4.870125547305779,55.49327321635203,7.285888026500093
1999-12-31 04:00:00,4.873182614148775,55.49309654205479,7.252572775092283
1999-12-31 04:15:00,4.876412482644185,55.4927485644243,7.220863320539447
1999-12-31 04:30:00,4.879625122592076,55.49246387245953,7.1923736502122315
1999-12-31 04:45:00,4.882707816433151,55.49217015506723,7.151985596100439
1999-12-31 05:00:00,4.885863414747098,55.49192540377575,7.1239108958372075
1999-12-31 05:15:00,4.889093210804152,55.49175129412887,7.094511085160934
1999-12-31 05:30:00,4.892241219442302,55.49140071348115,7.0665002465881654
1999-12-31 05:45:00,4.89537020551378,55.491148022056706,7.038991887140897
1999-12-31 06:00:00,4.898519715648188,55.490843234363325,7.009458576028213
1999-12-31 06:15:00,4.901430648644511,55.49047675782104,6.974919021463474
1999-12-31 06:30:00,4.904704811190994,55.490204285313425,6.950616449726693
1999-12-31 06:45:00,4.908030843512255,55.48981115942098,6.927053701711848
1999-12-31 07:00:00,4.91122284487336,55.48945824656128,6.891017799084515
1999-12-31 07:15:00,4.914401815207635,55.48929096822229,6.86398936408
1999-12-31 07:30:00,4.917648228771082,55.48906222484877,6.84733151937483
1999-12-31 07:45:00,4.9208093586018,55.48887667957386,6.828053341013143
1999-12-31 08:00:00,4.924185686233148,55.48855116273859,6.799811148269111
1999-12-31 08:15:00,4.927300609282596,55.488280476258026,6.768396739329359
1999-12-31 08:30:00,4.93050215798075,55.48798005491073,6.745133564125762
1999-12-31 08:45:00,4.933751098031777,55.4876684863536,6.72307728687953
1999-12-31 09:00:00,4.937115667897266,55.48744788693484,6.6978668567118795
1999-12-31 09:15:00,4.940228664542677,55.487172170921454,6.681157921566229
1999-12-31 09:30:00,4.943364060397609,55.48684832014689,6.664340360663662
1999-12-31 09:45:00,4.946628439463402,55.48662305050647,6.644431395057819
1999-12-31 10:00:00,4.949862479862025,55.48634064832177,6.62180313745917
1999-12-31 10:15:00,4.953051049501861,55.48602745157853,6.605691385420055
1999-12-31 10:30:00,4.956199894593159,55.485765443699954,6.586055010513003
1999-12-31 10:45:00,4.959386287616752,55.485523101644056,6.561735934786838
1999-12-31 11:00:00,4.962564952779669,55.48530437962094,6.537951054804036
1999-12-31 11:15:00,4.965693773037506,55.48494803889387,6.525405511073998
1999-12-31 11:30:00,4.96901593601912,55.48464405888048,6.510062334734324
1999-12-31 11:45:00,4.972110938410272,55.4843416584956,6.489673026348672
1999-12-31 12:00:00,4.975287522990819,55.48412274249318,6.47739097987557
1999-12-31 12:15:00,4.978406173203314,55.483871921883306,6.460059252325521
1999-12-31 12:30:00,4.981637932806738,55.48357217922663,6.440223118468542
1999-12-31 12:45:00,4.984707485212859,55.48330852385169,6.422333093491171
1999-12-31 13:00:00,4.9880003886574595,55.48307091066756,6.418589026531905
1999-12-31 13:15:00,4.991189395986833,55.482723939184275,6.40819646243969
1999-12-31 13:30:00,4.994534754852089,55.48249353068408,6.406931370857295
1999-12-31 13:45:00,4.997751848098688,55.48228159871425,6.392006298574042
1999-12-31 14:00:00,5.00090315658029,55.482084959539634,6.378042509975236
1999-12-31 14:15:00,5.004157740661817,55.481857021670706,6.371731490485079
1999-12-31 14:30:00,5.007331808997489,55.481605893825325,6.360879925019588
1999-12-31 14:45:00,5.010525823275818,55.48131205556652,6.343139083767531
1999-12-31 15:00:00,5.0137184856046595,55.48103797911528,6.337018724318818
1999-12-31 15:15:00,5.016882772188701,55.48076750035609,6.33915771055919
1999-12-31 15:30:00,5.0201078901078064,55.48048528748964,6.3326325615720265
1999-12-31 15:45:00,5.023226324568386,55.48022516360584,6.321311929733768
1999-12-31 16:00:00,5.026535533217163,55.47982310694463,6.322827150558675
1999-12-31 16:15:00,5.029682570476718,55.479468600294545,6.311151862823527
1999-12-31 16:30:00,5.0328105184160945,55.47918599253947,6.306444212816028
1999-12-31 16:45:00,5.036062955356168,55.47889236592052,6.304950721638797
1999-12-31 17:00:00,5.039336678896491,55.478717818442576,6.29645616125119
1999-12-31 17:15:00,5.042545455641809,55.47842421797964,6.2986792654283805
1999-12-31 17:30:00,5.045655754704512,55.478162417706066,6.29099569102356
1999-12-31 17:45:00,5.0490199422808155,55.477845219830975,6.297736885247568
1999-12-31 18:00:00,5.052234445377981,55.47764634342527,6.296924240814446
1999-12-31 18:15:00,5.055580618620636,55.477396588980895,6.308905599651845
1999-12-31 18:30:00,5.058787028124057,55.47715976678746,6.318825722726439
1999-12-31 18:45:00,5.062022006736562,55.4769611185598,6.331231064821663
1999-12-31 19:00:00,5.065259541635429,55.47664582859586,6.330358452895539
1999-12-31 19:15:00,5.068405662667907,55.47644695710029,6.33657153015411
1999-12-31 19:30:00,5.071593604605217,55.476138587833844,6.3446661477145
1999-12-31 19:45:00,5.0746578643940365,55.47590832757286,6.3492443617059475
1999-12-31 20:00:00,5.077829400865469,55.47563857171775,6.361575742456015
1999-12-31 20:15:00,5.081107116248218,55.475462955947926,6.367050987486329
1999-12-31 20:30:00,5.084220933510749,55.475236034252134,6.371363378191884
1999-12-31 20:45:00,5.087486133195572,55.47498840791754,6.381337019737857
1999-12-31 21:00:00,5.09074542904484,55.474692639488495,6.389936951620521
1999-12-31 21:15:00,5.093946286543488,55.47438175168793,6.40732068923191
1999-12-31 21:30:00,5.096965448424949,55.47405706359209,6.421698818787488
1999-12-31 21:45:00,5.100225702387317,55.4737670192413,6.441913725683726
1999-12-31 22:00:00,5.103259554958163,55.47349503281444,6.4591355413104
1999-12-31 22:15:00,5.10640423085574,55.47325015754257,6.4747777595023255
1999-12-31 22:30:00,5.109566633469725,55.47300633450233,6.486415826814623
1999-12-31 22:45:00,5.112547337923917,55.47275849269012,6.506904458190931
1999-12-31 23:00:00,5.11569817460357,55.47250337456763,6.526203137105732
1999-12-31 23:15:00,5.118928835714823,55.47227787709123,6.543340088124482
1999-12-31 23:30:00,5.122341334656304,55.47199717675605,6.560244851358357
1999-12-31 23:45:00,5.125512847591583,55.47176643182423,6.5807900324486175
2000-01-01 00:00:00,5.128746111177648,55.47150642616012,6.597162335252782
