MMSI,VesselName,VesselType,n_fixes,temporal,spatial,ais_quality,passes_all,attribution_score,min_z,min_dist_km,est_release_time,est_release_lat,est_release_lon,release_window_start,release_window_end,max_ais_gap_min_near_release,dark_gap_flag,anomaly_confidence
999000004,DARK_GAP_999000004,tanker,70,True,True,True,True,0.9910423064248429,0.134149580116824,1.8880209652448676,2019-04-05 08:22:00,31.376653430290293,32.08123591706854,2019-04-05 09:22:00,2019-04-05 06:52:00,180.0,True,0.1130142326170011
999000001,CULPRIT_999000001,tanker,99,True,True,True,True,0.9711199257506969,0.2420963066632131,1.3079363246520075,2019-04-05 07:52:00,31.405136678071358,32.08347547559225,2019-04-05 08:22:00,2019-04-05 07:22:00,6.0,False,0.10491148910137155
999000002,DECOY_WRONG_TIME_999000002,tanker,99,True,True,True,True,0.9391559516448358,0.3543267725566926,2.6975336327178274,2019-04-04 23:22:00,31.380720679494196,31.99552582752556,2019-04-04 23:52:00,2019-04-04 22:22:00,6.0,False,0.12480624411720993
313535482,VESSEL_313535482,tanker,70,True,True,True,True,0.8257470480442721,0.6188162725654419,5.124791684701157,2019-04-04 20:52:00,31.42882599094041,31.93798193261442,2019-04-04 21:22:00,2019-04-04 19:52:00,6.0,False,0.10894550625905945
381297666,VESSEL_381297666,tanker,46,True,True,True,True,0.57069199892629,1.0591559104229475,9.371728591035213,2019-04-04 18:52:00,31.480439845907494,32.019396833649225,2019-04-04 19:22:00,2019-04-04 18:22:00,6.0,False,0.07085492104823439
434146145,VESSEL_434146145,tanker,32,True,True,True,True,0.11119337402326362,2.0959410702892907,19.9424775406609,2019-04-04 16:22:00,31.238385978447603,31.89173504153179,2019-04-04 16:22:00,2019-04-04 16:22:00,6.0,False,0.0713247382696334
216856573,VESSEL_216856573,tanker,37,True,True,True,True,0.05495184919925948,2.408857798335522,19.307622827540065,2019-04-04 21:52:00,31.25881741881001,31.883400309009332,2019-04-04 21:52:00,2019-04-04 21:52:00,6.0,False,0.07078367595082873
678739102,VESSEL_678739102,cargo,44,True,True,True,True,0.03962284744901349,2.5410034912662085,32.58888720359904,2019-04-04 03:52:00,31.665384756790136,32.03875514806161,2019-04-04 03:52:00,2019-04-04 03:52:00,6.0,False,0.11167723588262153
419658648,VESSEL_419658648,cargo,17,True,True,True,True,0.031063364620381614,2.6350431270289647,26.423444887704186,2019-04-04 14:22:00,31.21309974551666,31.781261864645387,2019-04-04 14:22:00,2019-04-04 14:22:00,6.0,False,0.06657992799935505
359172259,VESSEL_359172259,cargo,59,True,True,True,True,0.027725308631059285,2.6778385365585358,20.0418860684241,2019-04-04 23:52:00,31.510681516600165,32.17955461626218,2019-04-04 23:52:00,2019-04-04 23:52:00,6.0,False,0.14704410511561938
656509332,VESSEL_656509332,container,23,True,False,True,False,0.010903656304960783,3.0062126023196174,30.95175132327148,2019-04-04 13:22:00,31.342760937554022,32.237091318187055,2019-04-04 13:22:00,2019-04-04 13:22:00,6.0,False,0.13249230846662435
783325179,VESSEL_783325179,tanker,69,True,False,True,False,0.0013642285401522934,3.6324003584860356,25.23112977316889,2019-04-05 01:52:00,31.600870770887894,32.1520850397326,2019-04-05 01:52:00,2019-04-05 01:52:00,6.0,False,0.11556005700993265
999000003,DECOY_WRONG_PLACE_999000003,tanker,99,True,False,True,False,0.0006008793103423801,3.851523453994064,20.808030903733997,2019-04-05 07:52:00,31.214498439894097,32.13915954914327,2019-04-05 07:52:00,2019-04-05 07:52:00,6.0,False,0.11065842096314962
591765859,VESSEL_591765859,container,23,True,False,True,False,0.0003084771415864862,4.020911044205696,27.929776002171366,2019-04-05 01:52:00,31.622471865423783,31.888860163613224,2019-04-05 01:52:00,2019-04-05 01:52:00,6.0,False,0.08228989931645485
741406562,VESSEL_741406562,tanker,8,True,False,True,False,0.00016500396502090977,4.173617388770241,30.10096679518364,2019-04-05 00:52:00,31.622137657588,32.2023984180411,2019-04-05 00:52:00,2019-04-05 00:52:00,6.0,False,0.0
214538548,VESSEL_214538548,tanker,15,True,False,True,False,0.00011792381525984272,4.253344983751203,30.675978221875276,2019-04-05 00:52:00,31.261248094204504,31.740374207691797,2019-04-05 00:52:00,2019-04-05 00:52:00,6.0,False,0.05405023004937073
558422182,VESSEL_558422182,tanker,59,True,False,True,False,2.1676750941057283e-05,4.634494634146422,52.75516746000667,2019-04-04 09:22:00,31.250623650700355,32.40722461779036,2019-04-04 09:22:00,2019-04-04 09:22:00,6.0,False,0.1327065760284729
603904897,VESSEL_603904897,cargo,53,True,False,True,False,2.982602600414635e-06,5.044346198023374,9.248370402509462,2019-04-05 22:52:00,31.33898212848378,32.11776580060633,2019-04-05 22:52:00,2019-04-05 22:52:00,6.0,False,0.11812757622902452
769194698,VESSEL_769194698,cargo,17,True,False,True,False,9.083014978422042e-08,5.694607020747356,72.29683033408777,2019-04-04 04:22:00,30.851991099175773,32.20524290368589,2019-04-04 04:22:00,2019-04-04 04:22:00,6.0,False,0.16094525702663443
579355276,VESSEL_579355276,container,8,True,False,True,False,4.02508575279929e-08,5.835774931963275,24.87760097136973,2019-04-05 12:22:00,31.605998397230913,32.182017498433744,2019-04-05 12:22:00,2019-04-05 12:22:00,6.0,False,0.0
710356513,VESSEL_710356513,tanker,45,True,False,True,False,4.7286329164748886e-09,6.191870428266266,31.829827671384656,2019-04-05 08:52:00,31.678854778771203,32.06681873297568,2019-04-05 08:52:00,2019-04-05 08:52:00,6.0,False,0.11384430659276382
408277689,VESSEL_408277689,tanker,13,True,False,True,False,2.4948876512205717e-14,7.914789650179963,76.24607758459588,2019-04-04 15:52:00,31.441898081668047,32.745907663040406,2019-04-04 15:52:00,2019-04-04 15:52:00,6.0,False,0.0
246776843,VESSEL_246776843,fishing,23,True,False,True,False,7.14509487352758e-15,8.071226710396214,83.10077664539365,2019-04-04 13:22:00,32.01282240992847,32.44886214184713,2019-04-04 13:22:00,2019-04-04 13:22:00,6.0,False,0.11697538654281217
603179363,VESSEL_603179363,container,22,True,False,True,False,3.4353037628759464e-15,8.161454654833312,52.45825424774082,2019-04-05 03:52:00,31.410371854365522,32.59704840460262,2019-04-05 03:52:00,2019-04-05 03:52:00,6.0,False,0.10492462754860404
707270766,VESSEL_707270766,container,18,True,False,True,False,6.313595132800863e-19,9.154934352680867,47.06170553221087,2019-04-05 08:52:00,31.116125353548917,32.4610841833818,2019-04-05 08:52:00,2019-04-05 08:52:00,6.0,False,0.07743899283422047
789774708,VESSEL_789774708,cargo,15,True,False,True,False,5.924287291173959e-21,9.65144823966833,73.4776715941637,2019-04-04 23:22:00,31.73239982322212,32.678719402296096,2019-04-04 23:22:00,2019-04-04 23:22:00,6.0,False,0.09297074270232146
759248612,VESSEL_759248612,tanker,15,True,False,True,False,5.477503868574891e-34,12.376368099167363,76.49597721621815,2019-04-05 04:52:00,31.4924911275468,32.85150408095192,2019-04-05 04:52:00,2019-04-05 04:52:00,6.0,False,0.08253459802817557
533435231,VESSEL_533435231,container,54,True,False,True,False,1.0933460671859316e-59,16.478062853756335,37.95030783344564,2019-04-05 20:22:00,31.58875901023181,32.503453576058305,2019-04-05 20:22:00,2019-04-05 20:22:00,6.0,False,0.11892846393210993
483356939,VESSEL_483356939,container,26,True,False,True,False,1.8877990218588474e-80,19.160970530103803,76.86716848044047,2019-04-05 13:22:00,31.612567931936553,32.89154227509287,2019-04-05 13:22:00,2019-04-05 13:22:00,6.0,False,0.12294660371548705
398856001,VESSEL_398856001,container,26,True,False,True,False,2.6099423913852997e-171,28.027940443534447,54.88075362064107,2019-04-05 21:52:00,31.816367264673097,32.50092392917932,2019-04-05 21:52:00,2019-04-05 21:52:00,6.0,False,0.11522003305998015
319298217,VESSEL_319298217,tanker,17,False,False,False,False,0.0,,,,,,,,,,
348258398,VESSEL_348258398,container,28,False,False,False,False,0.0,,,,,,,,,,
729228485,VESSEL_729228485,tanker,24,False,False,False,False,0.0,,,,,,,,,,
795954695,VESSEL_795954695,fishing,56,False,False,False,False,0.0,,,,,,,,,,
