rank,MMSI,VesselName,VesselType,n_fixes,temporal,spatial,ais_quality,passes_all,attribution_score,min_z,min_dist_km,est_release_time,est_release_lat,est_release_lon,release_window_start,release_window_end,max_ais_gap_min_near_release,dark_gap_flag,anomaly_confidence,hours_drift,iou_aligned,centroid_km,position_z,position_score,ensemble_sigma_km,model_sigma_km,pred_area_km2,obs_area_km2,area_ratio,digital_twin_score,confidence,evidence_flags
1,999000001,CULPRIT_999000001,tanker,99,True,True,True,True,0.9720159155605016,0.23825658699105504,1.3167194646121763,2019-04-10 07:52:00,31.347868669504507,32.22798612687992,2019-04-10 08:22:00,2019-04-10 07:22:00,6.0,False,0.10491131908319103,20.0,0.016816077810980254,1.292369827077853,0.2952977361237478,0.9573364552045551,4.015338433118605,1.62326410707967,146.02843131139446,2.4556254635477948,59.46689895470383,0.6751803419864826,0.6947025455141328,PHYSICS_TWIN_MATCH
2,999000004,DARK_GAP_999000004,tanker,70,True,True,True,True,0.9909389569002822,0.1349247495929672,1.9051467685061065,2019-04-10 08:22:00,31.31938548804324,32.225748201368404,2019-04-10 09:22:00,2019-04-10 06:52:00,180.0,True,0.11301457164495597,19.5,0.01772589710332901,1.974849130206755,0.46271727435478666,0.8984774791689237,3.913468994564923,1.582486117113472,138.533212126489,2.4556254635477948,56.414634146341456,0.6342520045492452,0.6905136465263539,AIS_GAP_180min_NEAR_RELEASE;PHYSICS_TWIN_MATCH
3,999000002,DECOY_WRONG_TIME_999000002,tanker,99,True,True,True,True,0.9414367905808564,0.3474135002219545,2.691520285392696,2019-04-09 23:22:00,31.323452798816238,32.140089912360146,2019-04-09 23:52:00,2019-04-09 22:22:00,6.0,False,0.12480698563772964,28.5,0.008856111333971056,2.899321515230597,0.4767407732920669,0.8925784389070572,5.5907561385980555,2.309298636228601,277.28032891008144,2.4556254635477948,112.9163763066202,0.6274617406351313,0.6682195621112272,PHYSICS_TWIN_MATCH
4,313535482,VESSEL_313535482,tanker,70,True,True,True,True,0.83494368921443,0.6006513039557662,5.057113187927653,2019-04-09 20:52:00,31.371556601956602,32.0825789938704,2019-04-09 21:22:00,2019-04-09 19:52:00,6.0,False,0.10894484341294286,31.0,0.007420814479638009,5.009506718281803,0.7615261173906734,0.7482927401496675,6.048102322859966,2.5095790153705684,330.9105045390626,2.4556254635477948,134.7560975609756,0.5260311624486587,0.5816245356861125,PHYSICS_TWIN_MATCH
5,381297666,VESSEL_381297666,tanker,46,True,True,True,True,0.5792934104993664,1.0449365300156885,9.389549936889814,2019-04-09 18:52:00,31.42317175018054,32.16394313096121,2019-04-09 19:22:00,2019-04-09 18:22:00,6.0,False,0.07085489022517592,33.0,0.006554606495226785,9.211947817075206,1.315311730021289,0.42104209020387634,6.4426617206079335,2.673396091207403,374.64117263729526,2.4556254635477948,152.56445993031357,0.29669584509128144,0.3786965585516986,
6,434146145,VESSEL_434146145,tanker,32,True,True,True,True,0.11839672007643921,2.0657755245781386,19.944224065833836,2019-04-09 16:22:00,31.181116565927837,32.03636040270237,2019-04-09 16:22:00,2019-04-09 16:22:00,6.0,False,0.07132476550884836,,,,,,,,,,,0.0,0.06754347713616732,
7,359172259,VESSEL_359172259,cargo,59,True,True,True,True,0.030994306601800494,2.635887611174127,20.083324993704803,2019-04-09 23:52:00,31.45341311685267,32.324004143238156,2019-04-09 23:52:00,2019-04-09 23:52:00,6.0,False,0.14704420991536354,,,,,,,,,,,0.0,0.043356279953882935,
8,216856573,VESSEL_216856573,tanker,37,True,True,True,True,0.06080500563704247,2.366467056116475,19.28807533940459,2019-04-09 21:52:00,31.201551390380686,32.028030164866856,2019-04-09 21:52:00,2019-04-09 21:52:00,6.0,False,0.07078383207277003,,,,,,,,,,,0.0,0.04151901895122312,
9,678739102,VESSEL_678739102,cargo,44,True,True,True,True,0.04225564292531518,2.515558535886158,32.61084533288612,2019-04-09 03:52:00,31.608115421025598,32.18329046002795,2019-04-09 03:52:00,2019-04-09 03:52:00,6.0,False,0.11167751973278654,,,,,,,,,,,0.0,0.041350543262949145,
10,656509332,VESSEL_656509332,container,23,True,True,True,True,0.012015737306223273,2.9737310053863526,31.02128486291186,2019-04-09 13:22:00,31.285491557146138,32.38150636826502,2019-04-09 13:22:00,2019-04-09 13:22:00,6.0,False,0.13249331541256273,,,,,,,,,,,0.0,0.03190574487031302,
11,419658648,VESSEL_419658648,cargo,17,True,True,True,True,0.03425760722366345,2.59763224118284,26.404530248859142,2019-04-09 14:22:00,31.155830595556658,31.92595393621119,2019-04-09 14:22:00,2019-04-09 14:22:00,6.0,False,0.06657997710436121,,,,,,,,,,,0.0,0.0287319186715208,
